year,month,day,timestamp,file_name,file_path
2023,12,15,2023-12-15 22:27:33.107804,json_file_1.json,C:\Users\DELL\projectfile\file_data\json_file_1.json
2023,12,15,2023-12-15 22:27:33.107804,json_file_10.json,C:\Users\DELL\projectfile\file_data\json_file_10.json
2023,12,15,2023-12-15 22:27:33.107804,json_file_2.json,C:\Users\DELL\projectfile\file_data\json_file_2.json
2023,12,15,2023-12-15 22:27:33.107804,json_file_3.json,C:\Users\DELL\projectfile\file_data\json_file_3.json
2023,12,15,2023-12-15 22:27:33.107804,json_file_4.json,C:\Users\DELL\projectfile\file_data\json_file_4.json
2023,12,15,2023-12-15 22:27:33.107804,json_file_5.json,C:\Users\DELL\projectfile\file_data\json_file_5.json
2023,12,15,2023-12-15 22:27:33.107804,json_file_6.json,C:\Users\DELL\projectfile\file_data\json_file_6.json
2023,12,15,2023-12-15 22:27:33.107804,json_file_7.json,C:\Users\DELL\projectfile\file_data\json_file_7.json
2023,12,15,2023-12-15 22:27:33.107804,json_file_8.json,C:\Users\DELL\projectfile\file_data\json_file_8.json
2023,12,15,2023-12-15 22:27:33.107804,json_file_9.json,C:\Users\DELL\projectfile\file_data\json_file_9.json
